sqrts_GeV,centrality,Tch_GCER_MeV,Tch_GCER_syst,Tch_GCEY_MeV,Tch_GCEY_syst,muB_GCER_MeV,muB_GCER_syst,muB_GCEY_MeV,muB_GCEY_syst,muS_GCER_MeV,muS_GCER_syst,muS_GCEY_MeV,muS_GCEY_syst,gammaS_GCER,gammaS_GCER_syst,gammaS_GCEY,gammaS_GCEY_syst,R_GCEY_fm,R_GCEY_syst,chi2ndf_GCER,chi2ndf_GCEY,interpolated
7.7,00-05,144.3,4.8,143.8,2.7,398.2,16.4,399.8,13.3,89.5,6.0,90.2,7.6,0.95,0.08,1.05,0.06,5.89,0.33,1.4,1.3,False
7.7,05-10,143.0,4.7,142.9,2.6,393.5,15.6,395.6,13.0,88.5,5.7,89.8,7.5,0.95,0.08,1.04,0.06,5.65,0.31,1.2,1.0,False
7.7,10-20,143.8,4.6,144.7,2.6,388.0,14.9,391.6,12.1,86.4,5.4,87.1,7.0,0.88,0.07,0.95,0.05,5.08,0.27,0.9,1.1,False
7.7,20-30,143.5,4.5,144.9,2.6,379.5,14.4,382.4,11.8,85.2,5.2,85.7,7.0,0.85,0.07,0.88,0.05,4.58,0.24,0.6,1.0,False
7.7,30-40,145.9,4.9,146.2,2.8,375.4,15.3,376.1,12.9,85.5,5.7,87.6,7.4,0.78,0.07,0.82,0.05,3.95,0.22,0.9,0.6,False
7.7,40-60,144.7,4.7,145.5,2.7,355.6,13.9,357.8,12.0,80.3,5.2,82.2,7.0,0.68,0.06,0.71,0.04,3.28,0.17,0.7,0.9,False
7.7,60-80,143.4,4.7,143.3,2.8,337.5,13.7,337.8,12.0,79.3,5.5,79.5,8.0,0.47,0.04,0.49,0.03,2.4,0.13,1.0,0.7,False
9.2,10-20,147.6456,4.9897,148.5667,2.8954,341.0297,14.0201,346.0724,12.4519,76.6149,5.2127,78.7998,7.4764,0.9023,0.0805,0.965,0.0561,5.0475,0.2854,1.0824,1.2036,True
9.2,20-30,148.5196,5.1203,150.3359,3.0214,333.9057,13.877,337.6927,12.316,75.4962,5.1988,76.5904,7.4143,0.8459,0.0744,0.8747,0.0508,4.424,0.2551,0.6683,1.1206,True
9.2,30-40,150.2558,5.357,151.5079,3.2361,327.883,14.314,329.9628,13.0736,74.7309,5.4395,76.2094,7.6594,0.775,0.0755,0.8163,0.0508,3.8345,0.2302,0.8052,0.9219,True
11.5,00-05,149.4,5.2,150.6,3.2,287.3,12.5,292.5,12.6,64.5,4.7,66.0,7.6,0.92,0.09,1.0,0.06,6.16,0.36,1.0,1.1,False
11.5,05-10,150.1,5.4,150.5,3.2,288.9,12.9,294.6,13.1,65.8,4.9,70.0,7.8,0.96,0.09,1.04,0.06,5.69,0.34,1.4,1.3,False
11.5,10-20,151.8,5.4,153.1,3.2,284.9,12.7,291.6,12.4,65.1,4.9,68.6,7.7,0.92,0.09,0.98,0.06,5.02,0.3,1.2,1.3,False
11.5,20-30,153.5,5.7,155.9,3.4,278.7,12.8,283.6,12.3,63.9,5.0,65.6,7.5,0.85,0.08,0.88,0.05,4.31,0.27,0.7,1.2,False
11.5,30-40,154.6,5.8,156.9,3.6,270.1,12.8,273.8,12.7,61.9,5.0,62.9,7.6,0.78,0.08,0.82,0.05,3.76,0.24,0.7,1.2,False
11.5,40-60,155.3,5.9,157.9,3.7,256.0,12.4,259.2,12.6,60.2,5.0,62.5,7.6,0.69,0.07,0.71,0.04,3.02,0.19,0.7,1.3,False
11.5,60-80,151.6,5.4,154.3,3.5,227.3,10.8,229.4,12.2,54.6,4.4,54.6,7.6,0.52,0.05,0.54,0.03,2.26,0.14,0.5,0.8,False
14.6,10-20,154.7841,5.659,157.0195,3.3791,233.29,11.0303,241.3699,11.564,54.6752,4.4698,58.6629,7.3299,0.9234,0.0937,0.99,0.0583,5.0191,0.3066,1.1573,1.3522,True
14.6,20-30,156.3399,5.9472,159.4531,3.5297,226.8332,11.0687,232.9057,11.2551,53.1637,4.5045,55.3269,6.9197,0.8692,0.0855,0.9039,0.0464,4.324,0.2774,0.671,1.19,True
14.6,30-40,157.1477,6.0215,160.3108,3.6745,215.908,10.8765,221.0466,11.4414,50.2868,4.404,51.3445,6.9573,0.803,0.0809,0.8367,0.0464,3.7919,0.2446,0.6331,1.2885,True
17.3,10-20,155.7286,5.6802,158.9135,3.3764,203.8093,9.7381,212.5212,10.5221,48.6189,4.1307,52.4421,6.7081,0.9195,0.0921,0.9947,0.0536,5.0446,0.3045,1.0519,1.3706,True
17.3,20-30,156.6508,5.8574,160.3509,3.4318,196.5685,9.5703,203.515,9.9617,46.8587,4.0243,49.3492,6.1547,0.8917,0.0886,0.9305,0.0426,4.414,0.2754,0.6537,1.165,True
17.3,30-40,157.551,5.9925,161.2151,3.5345,185.1733,9.444,191.0918,10.1554,43.9807,3.9617,45.5199,6.2146,0.8293,0.08,0.8555,0.0426,3.8732,0.2432,0.6429,1.2367,True
19.6,00-05,153.9,5.2,157.5,3.1,187.9,8.6,195.6,9.7,43.2,3.8,45.3,6.3,0.96,0.09,1.09,0.05,6.04,0.35,1.3,1.9,False
19.6,05-10,154.2,5.3,158.0,3.2,187.2,8.6,193.9,9.7,43.9,3.8,45.8,6.3,0.95,0.09,1.05,0.05,5.67,0.33,0.9,1.4,False
19.6,10-20,155.9,5.6,159.8,3.3,184.9,8.8,193.9,9.7,44.4,3.9,48.1,6.2,0.92,0.09,1.0,0.05,5.08,0.3,1.0,1.4,False
19.6,20-30,156.4,5.7,160.6,3.3,177.2,8.5,184.9,9.0,42.6,3.7,45.5,5.6,0.91,0.09,0.95,0.04,4.49,0.27,0.7,1.2,False
19.6,30-40,157.5,5.9,161.6,3.4,166.9,8.5,173.3,9.3,40.3,3.7,42.4,5.7,0.85,0.08,0.87,0.04,3.93,0.24,0.7,1.2,False
19.6,40-60,157.9,6.0,162.2,3.5,154.4,8.2,159.4,9.8,38.0,3.8,40.1,6.3,0.77,0.08,0.76,0.04,3.19,0.19,0.4,1.2,False
19.6,60-80,156.2,5.9,159.6,3.6,133.7,7.7,134.6,10.4,33.3,3.6,32.9,6.4,0.61,0.06,0.6,0.03,2.33,0.14,0.3,0.9,False
27.0,00-05,155.0,5.1,159.8,3.0,144.4,7.2,151.9,9.3,33.5,3.6,36.7,6.0,0.98,0.09,1.09,0.05,6.05,0.33,1.3,1.7,False
27.0,05-10,155.6,5.2,160.4,3.1,143.9,7.2,151.6,9.3,34.1,3.6,37.6,6.0,0.97,0.09,1.07,0.05,5.67,0.31,1.3,1.7,False
27.0,10-20,155.8,5.2,160.7,3.0,137.7,7.0,146.3,8.8,32.0,3.6,36.3,5.8,0.96,0.09,1.03,0.05,5.22,0.29,1.2,1.6,False
27.0,20-30,157.1,5.4,162.7,3.1,131.0,6.9,140.6,8.3,31.0,3.5,35.8,5.4,0.94,0.09,0.97,0.04,4.53,0.25,1.2,1.7,False
27.0,30-40,158.9,5.7,164.7,3.4,130.3,7.2,137.4,9.1,32.4,3.6,35.9,5.6,0.88,0.09,0.89,0.04,3.89,0.23,1.0,1.4,False
27.0,40-60,160.4,5.9,165.5,3.5,120.4,7.1,127.5,8.9,31.4,3.6,34.9,5.7,0.8,0.08,0.79,0.03,3.13,0.18,0.6,1.2,False
27.0,60-80,158.3,5.8,163.1,3.9,105.8,6.8,105.2,9.5,28.6,3.4,27.4,5.9,0.64,0.06,0.62,0.03,2.27,0.15,0.4,1.5,False
39.0,00-05,156.4,5.4,159.9,3.5,103.2,7.4,104.7,11.2,24.5,3.8,23.8,8.1,0.94,0.1,1.05,0.07,6.27,0.39,0.9,1.6,False
39.0,05-10,157.0,5.5,160.3,3.4,101.9,7.2,103.1,10.9,24.8,3.7,23.9,7.8,0.94,0.1,1.03,0.07,5.92,0.35,0.7,1.2,False
39.0,10-20,156.3,5.3,160.9,3.4,101.9,6.9,103.8,10.5,24.9,3.7,25.3,7.3,0.94,0.09,1.02,0.06,5.35,0.31,0.8,1.5,False
39.0,20-30,157.9,5.5,162.6,3.4,98.2,6.7,100.5,10.1,24.9,3.6,25.8,6.5,0.92,0.09,0.97,0.05,4.65,0.27,0.8,1.4,False
39.0,30-40,160.8,6.0,164.8,3.6,94.2,6.9,95.8,10.3,24.0,3.7,24.7,6.9,0.87,0.09,0.9,0.05,3.99,0.24,0.5,0.9,False
39.0,40-60,160.0,5.9,163.5,3.5,84.6,6.6,86.8,9.9,21.9,3.6,23.2,6.7,0.82,0.08,0.83,0.04,3.29,0.19,0.4,1.1,False
39.0,60-80,158.3,5.9,160.4,3.4,73.0,6.5,71.9,10.0,20.3,3.5,20.3,6.5,0.67,0.07,0.67,0.03,2.41,0.14,0.3,1.1,False
62.4,00-05,160.3,4.9,164.3,3.6,69.8,5.6,69.2,11.4,16.7,3.3,15.8,6.8,0.86,0.06,0.91,0.05,6.62,0.36,2.1,3.7,False
62.4,05-10,158.4,4.4,160.0,3.2,66.1,5.3,63.8,9.9,15.7,3.4,16.1,6.8,0.87,0.06,0.91,0.05,6.62,0.34,1.7,2.9,False
62.4,10-20,159.0,4.3,161.4,3.1,65.4,5.2,63.7,9.3,15.4,3.3,13.6,6.3,0.84,0.06,0.92,0.05,5.84,0.29,1.8,3.4,False
62.4,20-40,159.8,4.2,161.7,2.9,60.7,5.2,58.9,9.1,15.3,3.2,13.7,6.3,0.84,0.06,0.91,0.05,4.86,0.24,2.1,3.1,False
62.4,40-60,158.1,4.3,160.1,2.8,54.1,5.2,53.7,8.0,12.1,3.2,10.1,6.3,0.76,0.06,0.84,0.04,3.72,0.19,1.8,3.8,False
62.4,60-80,157.4,4.2,161.7,2.9,44.6,5.9,45.4,8.3,10.3,3.2,11.5,6.2,0.69,0.05,0.74,0.04,2.49,0.13,1.6,4.1,False
200.0,00-05,164.3,5.3,167.8,4.2,28.4,5.8,27.0,11.4,5.6,3.9,5.6,8.3,0.93,0.08,0.95,0.06,7.13,0.46,1.2,2.7,False
200.0,05-10,163.5,4.9,168.5,4.0,28.4,5.5,25.7,10.9,5.0,3.6,4.2,7.5,0.95,0.08,0.97,0.05,6.5,0.41,1.4,2.9,False
200.0,10-20,162.4,4.4,167.8,3.8,27.7,5.1,23.2,10.2,5.9,3.2,3.0,6.8,0.94,0.07,0.99,0.05,5.91,0.35,2.0,3.9,False
200.0,20-30,163.9,4.3,167.5,3.5,27.4,4.9,23.3,9.5,6.4,2.9,4.1,5.8,0.9,0.06,0.95,0.04,5.28,0.29,1.8,3.4,False
200.0,30-40,161.6,3.9,165.9,3.5,23.9,4.8,21.5,9.7,6.0,3.1,5.6,6.3,0.9,0.06,0.93,0.04,4.73,0.26,1.9,3.2,False
200.0,40-60,162.3,3.9,165.8,3.3,22.9,4.9,21.3,9.2,5.8,3.2,4.8,6.6,0.84,0.06,0.88,0.04,3.85,0.21,1.2,2.0,False
200.0,60-80,161.3,3.8,163.6,3.2,18.2,4.5,18.0,8.9,5.4,3.3,6.3,6.1,0.76,0.05,0.76,0.03,2.81,0.14,0.7,1.1,False
